epoch,time,train/box_loss,train/seg_loss,train/cls_loss,train/dfl_loss,train/sem_loss,train/depth_loss,metrics/precision(B),metrics/recall(B),metrics/mAP50(B),metrics/mAP50-95(B),metrics/precision(M),metrics/recall(M),metrics/mAP50(M),metrics/mAP50-95(M),val/box_loss,val/seg_loss,val/cls_loss,val/dfl_loss,val/sem_loss,val/depth_loss,lr/pg0,lr/pg1,lr/pg2
1,33.2373,2.04749,4.78101,6.31172,0.02395,0.85526,3.34051,0.0279,0.00844,0.00191,0.00066,0.02088,0.00489,0.00024,0.0001,1.96984,4.70945,6.55852,0.02502,0,0,0.00023637,0.00023637,0.00023637
2,60.1652,2.03571,4.74711,6.3373,0.02347,0.84598,0.5634,0.02834,0.00899,0.0015,0.00048,0.02063,0.00482,0.00023,9e-05,1.97481,4.69951,6.55372,0.02524,0,0,0.000471239,0.000471239,0.000471239
3,87.4861,2.04508,4.78713,6.32854,0.02367,0.83948,0.45345,0.02533,0.00792,0.00157,0.00051,0.01951,0.00498,0.00026,0.0001,1.96893,4.67518,6.55196,0.02513,0,0,0.000702967,0.000702967,0.000702967
4,114.442,2.03779,4.76063,6.33955,0.0236,0.84531,0.44192,0.02703,0.00824,0.00205,0.00066,0.0207,0.00448,0.00023,0.0001,1.97516,4.69524,6.57247,0.02526,0,0,0.000699863,0.000699863,0.000699863
5,141.222,2.03436,4.76014,6.32828,0.02351,0.84506,0.43658,0.02752,0.00859,0.00183,0.00062,0.02152,0.00505,0.00024,0.0001,1.97144,4.72206,6.55272,0.02511,0,0,0.00069515,0.00069515,0.00069515
6,168.151,2.04089,4.78607,6.3378,0.02355,0.8449,0.43684,0.02573,0.00802,0.00197,0.00066,0.01983,0.00498,0.00026,0.0001,1.97351,4.68417,6.55398,0.02518,0,0,0.000690438,0.000690438,0.000690438
7,194.76,2.03881,4.78965,6.33134,0.02369,0.84836,0.42736,0.02629,0.00855,0.00155,0.00048,0.02014,0.00503,0.00024,0.0001,1.97404,4.70615,6.5471,0.02524,0,0,0.000685726,0.000685726,0.000685726
8,221.555,2.02688,4.76336,6.33672,0.02321,0.83592,0.43078,0.02595,0.0077,0.00147,0.00046,0.01975,0.0045,0.00023,9e-05,1.97102,4.66844,6.5357,0.02516,0,0,0.000681013,0.000681013,0.000681013
9,248.416,2.03069,4.75471,6.32801,0.02336,0.83934,0.42838,0.02711,0.00871,0.00151,0.00048,0.02093,0.00512,0.00024,0.0001,1.97785,4.68765,6.55104,0.02533,0,0,0.000676301,0.000676301,0.000676301
10,275.508,2.03866,4.78605,6.33295,0.02343,0.84145,0.43023,0.02691,0.00885,0.00195,0.00065,0.02035,0.00559,0.00026,0.0001,1.97513,4.67708,6.54267,0.02525,0,0,0.000671588,0.000671588,0.000671588
11,302.858,2.04187,4.79936,6.34074,0.02387,0.84929,0.4276,0.02453,0.00763,0.00192,0.00065,0.02133,0.0055,0.00026,0.0001,1.97847,4.73491,6.56125,0.02529,0,0,0.000666876,0.000666876,0.000666876
12,329.593,2.03658,4.77835,6.33578,0.02373,0.85475,0.42672,0.02413,0.00712,0.00181,0.00062,0.01965,0.00432,0.00022,9e-05,1.9754,4.72908,6.56877,0.02518,0,0,0.000662164,0.000662164,0.000662164
13,356.321,2.03053,4.75125,6.34212,0.02331,0.83886,0.42486,0.02659,0.00784,0.00152,0.00049,0.01871,0.00391,0.00022,9e-05,1.97701,4.69334,6.54532,0.02532,0,0,0.000657451,0.000657451,0.000657451
14,383.099,2.05546,4.7795,6.33276,0.0238,0.83748,0.42302,0.02659,0.00839,0.00152,0.00048,0.02198,0.00561,0.00027,0.0001,1.9717,4.68894,6.53628,0.0252,0,0,0.000652739,0.000652739,0.000652739
15,409.858,2.04223,4.76507,6.34062,0.0235,0.84011,0.4276,0.02695,0.00766,0.0019,0.00064,0.02221,0.00487,0.00023,0.0001,1.9737,4.70224,6.56328,0.02521,0,0,0.000648026,0.000648026,0.000648026
16,436.848,2.039,4.78551,6.33367,0.02398,0.85474,0.42736,0.02892,0.00883,0.0016,0.00048,0.02262,0.00534,0.00026,0.00011,1.97392,4.7256,6.55774,0.02519,0,0,0.000643314,0.000643314,0.000643314
17,463.588,2.04016,4.76888,6.33867,0.02348,0.84473,0.4255,0.02396,0.00766,0.00147,0.00049,0.01789,0.00388,0.00022,0.0001,1.97592,4.70607,6.55763,0.02527,0,0,0.000638602,0.000638602,0.000638602
18,489.572,2.03561,4.77445,6.33947,0.02352,0.8452,0.42394,0.02653,0.00839,0.00186,0.00064,0.02019,0.00488,0.00025,0.0001,1.97337,4.69637,6.53478,0.02521,0,0,0.000633889,0.000633889,0.000633889
19,516.424,2.03065,4.75465,6.33124,0.0234,0.8468,0.42486,0.02546,0.00835,0.00151,0.00049,0.01871,0.00446,0.00023,9e-05,1.97354,4.70008,6.54315,0.0252,0,0,0.000629177,0.000629177,0.000629177
20,542.642,2.03891,4.77015,6.3251,0.02356,0.84669,0.42304,0.02429,0.00803,0.00149,0.00047,0.0189,0.00481,0.00024,0.0001,1.97598,4.68918,6.54207,0.02536,0,0,0.000624464,0.000624464,0.000624464
21,569.731,2.02878,4.75948,6.33483,0.02349,0.84196,0.42112,0.02581,0.00893,0.00155,0.00049,0.01816,0.00438,0.00026,0.0001,1.97286,4.6969,6.54273,0.02526,0,0,0.000619752,0.000619752,0.000619752
22,596.397,2.0349,4.76913,6.33327,0.02365,0.84755,0.42464,0.02503,0.00814,0.00183,0.00064,0.02068,0.00508,0.00024,0.0001,1.97595,4.73444,6.53823,0.02529,0,0,0.00061504,0.00061504,0.00061504
23,623.01,2.03033,4.75073,6.32692,0.0235,0.84022,0.41907,0.02558,0.00788,0.00155,0.00049,0.0195,0.00432,0.00023,9e-05,1.97391,4.7003,6.56206,0.02523,0,0,0.000610327,0.000610327,0.000610327
24,649.934,2.03017,4.7537,6.33987,0.02332,0.83717,0.42232,0.02948,0.00902,0.00156,0.0005,0.02126,0.00537,0.00025,0.00011,1.97137,4.66484,6.54775,0.02516,0,0,0.000605615,0.000605615,0.000605615
25,676.676,2.03993,4.75242,6.33212,0.02379,0.85407,0.42121,0.02561,0.00822,0.00158,0.00049,0.01999,0.00482,0.00025,9e-05,1.97735,4.70913,6.53228,0.02538,0,0,0.000600902,0.000600902,0.000600902
26,703.252,2.03365,4.80627,6.33173,0.02375,0.85639,0.41752,0.02518,0.00792,0.00192,0.00062,0.02005,0.00484,0.00024,0.0001,1.9809,4.72464,6.55442,0.02538,0,0,0.00059619,0.00059619,0.00059619
27,729.868,2.03389,4.774,6.33007,0.02347,0.84097,0.41865,0.02481,0.00788,0.00148,0.00048,0.01961,0.00476,0.00026,0.0001,1.97295,4.7155,6.5545,0.02519,0,0,0.000591478,0.000591478,0.000591478
28,756.485,2.03021,4.75044,6.3337,0.02333,0.83945,0.41851,0.02731,0.00837,0.00177,0.00062,0.02064,0.0051,0.00024,9e-05,1.97023,4.68577,6.55679,0.02517,0,0,0.000586765,0.000586765,0.000586765
29,783.031,2.03649,4.7657,6.33847,0.02371,0.85895,0.41808,0.02693,0.00865,0.00177,0.00063,0.02028,0.00531,0.00027,0.0001,1.97448,4.71226,6.5611,0.02517,0,0,0.000582053,0.000582053,0.000582053
30,809.617,2.04025,4.76781,6.33229,0.02358,0.83603,0.41827,0.02662,0.00821,0.00143,0.00047,0.01947,0.00436,0.00022,0.0001,1.97001,4.69216,6.55197,0.0251,0,0,0.00057734,0.00057734,0.00057734
31,836.329,2.03853,4.76424,6.34443,0.02347,0.84512,0.41811,0.0251,0.00792,0.00196,0.00065,0.0201,0.00482,0.00026,0.0001,1.97347,4.70552,6.56275,0.02522,0,0,0.000572628,0.000572628,0.000572628
32,863.673,2.03171,4.78303,6.33787,0.02365,0.84286,0.42018,0.02414,0.0077,0.00197,0.00065,0.01904,0.00436,0.00023,0.0001,1.97452,4.71149,6.56575,0.02519,0,0,0.000567916,0.000567916,0.000567916
33,890.457,2.0481,4.79825,6.33493,0.02374,0.84349,0.41622,0.026,0.00792,0.00157,0.00049,0.02082,0.00523,0.00027,0.0001,1.97386,4.673,6.54905,0.02523,0,0,0.000563203,0.000563203,0.000563203
34,917.265,2.03886,4.76551,6.34358,0.02356,0.84363,0.41523,0.0266,0.00871,0.00146,0.00049,0.01934,0.0046,0.00023,0.0001,1.97769,4.68769,6.55977,0.02533,0,0,0.000558491,0.000558491,0.000558491
35,943.778,2.02572,4.78592,6.33065,0.02366,0.85093,0.41332,0.02751,0.00782,0.00201,0.00067,0.02115,0.00442,0.00024,0.0001,1.97876,4.74412,6.58711,0.02529,0,0,0.000553778,0.000553778,0.000553778
36,970.138,2.03512,4.76067,6.33877,0.02355,0.84411,0.41782,0.02546,0.00838,0.00158,0.00049,0.02046,0.0055,0.00024,0.0001,1.97676,4.71603,6.55758,0.02526,0,0,0.000549066,0.000549066,0.000549066
37,996.47,2.03748,4.75657,6.34892,0.0237,0.84557,0.41575,0.02505,0.00818,0.00185,0.00065,0.01908,0.0048,0.00024,0.0001,1.97564,4.69144,6.52689,0.02525,0,0,0.000544354,0.000544354,0.000544354
38,1023.09,2.04005,4.7462,6.34105,0.02341,0.83303,0.42117,0.02877,0.00877,0.00152,0.0005,0.02133,0.00497,0.00028,0.0001,1.97433,4.67564,6.56057,0.0253,0,0,0.000539641,0.000539641,0.000539641
39,1049.47,2.02862,4.75729,6.33544,0.02354,0.84369,0.41777,0.02672,0.00837,0.00183,0.00064,0.02109,0.00543,0.00026,0.0001,1.96963,4.67273,6.54393,0.02521,0,0,0.000534929,0.000534929,0.000534929
40,1076.15,2.03977,4.78722,6.34246,0.02369,0.85363,0.41515,0.02438,0.00709,0.00156,0.00047,0.02057,0.00452,0.00023,0.0001,1.97786,4.73681,6.58077,0.02526,0,0,0.000530216,0.000530216,0.000530216
41,1102.95,2.04406,4.7665,6.35646,0.02349,0.84089,0.41406,0.02636,0.00821,0.0015,0.00048,0.02014,0.00442,0.00022,9e-05,1.97477,4.69796,6.55081,0.02525,0,0,0.000525504,0.000525504,0.000525504
42,1129.78,2.04379,4.73554,6.3296,0.02354,0.83542,0.41082,0.02675,0.00827,0.00147,0.00049,0.01935,0.00416,0.00022,0.0001,1.97462,4.70648,6.54282,0.02526,0,0,0.000520792,0.000520792,0.000520792
43,1156.7,2.03492,4.77364,6.33526,0.02342,0.83952,0.41304,0.02564,0.00792,0.0016,0.00049,0.0195,0.00466,0.00028,0.0001,1.97122,4.68471,6.55392,0.0252,0,0,0.000516079,0.000516079,0.000516079
44,1183.9,2.04215,4.75732,6.34071,0.02366,0.84642,0.41356,0.02513,0.00842,0.00154,0.00049,0.02021,0.0052,0.00031,0.0001,1.97288,4.68811,6.54388,0.02527,0,0,0.000511367,0.000511367,0.000511367
45,1211.05,2.036,4.77475,6.34204,0.02351,0.84243,0.41116,0.0264,0.00831,0.00158,0.00048,0.01931,0.00444,0.00024,0.0001,1.97476,4.67188,6.54108,0.02526,0,0,0.000506654,0.000506654,0.000506654
46,1237.23,2.02942,4.77652,6.32336,0.02348,0.84232,0.41139,0.02705,0.00855,0.00166,0.0005,0.02051,0.00466,0.00024,9e-05,1.97412,4.71461,6.53102,0.02525,0,0,0.000501942,0.000501942,0.000501942
47,1264.2,2.03233,4.78049,6.33586,0.02342,0.84097,0.41059,0.02617,0.00833,0.00187,0.00064,0.02081,0.00487,0.00028,0.0001,1.97339,4.70715,6.55023,0.02524,0,0,0.00049723,0.00049723,0.00049723
48,1291.36,2.04038,4.77045,6.33312,0.02351,0.84574,0.41326,0.026,0.00876,0.00168,0.00051,0.02065,0.00578,0.00026,0.0001,1.97674,4.69464,6.55444,0.02526,0,0,0.000492517,0.000492517,0.000492517
49,1318.41,2.03622,4.78359,6.33901,0.02378,0.85401,0.41129,0.02777,0.00805,0.00179,0.00064,0.02167,0.00475,0.00024,0.0001,1.97816,4.72926,6.57219,0.02526,0,0,0.000487805,0.000487805,0.000487805
50,1345.62,2.04895,4.77282,6.33815,0.02359,0.83636,0.41061,0.02535,0.0075,0.00168,0.00051,0.02002,0.00464,0.00024,0.0001,1.97722,4.7039,6.56449,0.02535,0,0,0.000483092,0.000483092,0.000483092
51,1372.81,2.03252,4.76789,6.34175,0.02342,0.8412,0.41054,0.02694,0.00784,0.00178,0.00063,0.0211,0.00476,0.00025,0.0001,1.97038,4.68798,6.55085,0.02515,0,0,0.00047838,0.00047838,0.00047838
52,1399.86,2.04294,4.74496,6.34583,0.0235,0.84255,0.41138,0.02583,0.00818,0.00194,0.00063,0.02156,0.00577,0.00025,0.0001,1.97095,4.68142,6.54854,0.0252,0,0,0.000473668,0.000473668,0.000473668
53,1426.68,2.0342,4.76863,6.33712,0.02355,0.85031,0.40975,0.02584,0.00794,0.00191,0.00063,0.02002,0.0044,0.00024,0.0001,1.97515,4.71638,6.56154,0.0252,0,0,0.000468955,0.000468955,0.000468955
54,1453.61,2.03914,4.77668,6.3283,0.02355,0.84838,0.41052,0.02744,0.00847,0.00172,0.00053,0.02093,0.00497,0.00024,9e-05,1.97109,4.68855,6.55946,0.02519,0,0,0.000464243,0.000464243,0.000464243
55,1480.78,2.04152,4.7779,6.33907,0.02367,0.84984,0.41087,0.0255,0.00742,0.00147,0.00048,0.02043,0.00442,0.00024,0.0001,1.97229,4.6897,6.57187,0.02521,0,0,0.00045953,0.00045953,0.00045953
56,1508.15,2.03738,4.74472,6.32863,0.02343,0.84071,0.40999,0.0244,0.00778,0.00161,0.00048,0.01958,0.00452,0.00024,0.0001,1.97664,4.7157,6.54982,0.02526,0,0,0.000454818,0.000454818,0.000454818
57,1535.23,2.03345,4.74768,6.3392,0.02347,0.84375,0.40792,0.02574,0.00822,0.00184,0.00064,0.01995,0.00482,0.00024,9e-05,1.97865,4.74314,6.56363,0.02526,0,0,0.000450106,0.000450106,0.000450106
58,1562.42,2.03289,4.76359,6.34595,0.02336,0.8491,0.40932,0.02725,0.00849,0.00153,0.00048,0.02204,0.00541,0.00029,0.0001,1.97439,4.68482,6.53565,0.02526,0,0,0.000445393,0.000445393,0.000445393
59,1589.46,2.03756,4.77787,6.33024,0.02381,0.85415,0.41083,0.02499,0.00784,0.00184,0.00063,0.02009,0.00525,0.00025,9e-05,1.97954,4.73626,6.54954,0.02533,0,0,0.000440681,0.000440681,0.000440681
60,1616.61,2.02885,4.75916,6.33713,0.02347,0.84694,0.40489,0.02569,0.00825,0.00168,0.00049,0.0193,0.0047,0.00023,9e-05,1.97495,4.71404,6.56265,0.02528,0,0,0.000435968,0.000435968,0.000435968
61,1643.44,2.03559,4.78518,6.33614,0.02391,0.85917,0.40734,0.02736,0.0084,0.00187,0.00063,0.02117,0.00488,0.00024,9e-05,1.97663,4.74083,6.5602,0.02525,0,0,0.000431256,0.000431256,0.000431256
62,1670.4,2.0496,4.79053,6.32705,0.02404,0.8544,0.40714,0.02546,0.00822,0.00197,0.00067,0.01948,0.00472,0.00025,0.0001,1.97648,4.70089,6.54667,0.0253,0,0,0.000426544,0.000426544,0.000426544
63,1697.51,2.03841,4.76552,6.31905,0.02369,0.84608,0.40468,0.02502,0.00827,0.00167,0.0005,0.01933,0.0051,0.00058,0.00013,1.97648,4.71926,6.54206,0.02529,0,0,0.000421831,0.000421831,0.000421831
64,1724.41,2.03001,4.76942,6.34448,0.02353,0.84413,0.40366,0.02741,0.00859,0.00166,0.00049,0.02153,0.00539,0.00025,0.0001,1.97592,4.72317,6.56938,0.0253,0,0,0.000417119,0.000417119,0.000417119
65,1751.57,2.03541,4.76085,6.32087,0.02339,0.84198,0.40665,0.02719,0.00824,0.00164,0.00047,0.02194,0.00512,0.00024,9e-05,1.97566,4.71781,6.55829,0.02521,0,0,0.000412406,0.000412406,0.000412406
66,1779.01,2.03174,4.76661,6.34057,0.02335,0.84229,0.40548,0.02693,0.00857,0.00148,0.00048,0.02042,0.00495,0.0002,9e-05,1.97182,4.66825,6.54035,0.02527,0,0,0.000407694,0.000407694,0.000407694
67,1806.21,2.03167,4.77727,6.34602,0.02356,0.84661,0.40636,0.02663,0.00865,0.00163,0.0005,0.01969,0.00497,0.00024,0.0001,1.97311,4.68291,6.55428,0.02527,0,0,0.000402982,0.000402982,0.000402982
68,1833.13,2.02723,4.76581,6.33646,0.02368,0.85933,0.40588,0.02536,0.00776,0.00166,0.00049,0.02022,0.00442,0.00023,9e-05,1.97454,4.70942,6.56593,0.02523,0,0,0.000398269,0.000398269,0.000398269
69,1860.11,2.03638,4.72685,6.31783,0.02336,0.83647,0.40628,0.02757,0.00934,0.00153,0.00049,0.0217,0.00642,0.00029,0.0001,1.97053,4.67097,6.53078,0.02518,0,0,0.000393557,0.000393557,0.000393557
70,1886.91,2.05117,4.72925,6.33678,0.02357,0.83319,0.40627,0.02721,0.00855,0.00185,0.00064,0.02056,0.00504,0.00024,0.0001,1.97397,4.68715,6.54837,0.02526,0,0,0.000388844,0.000388844,0.000388844
71,1913.77,2.04098,4.78596,6.33241,0.02378,0.85239,0.40219,0.02594,0.00797,0.00163,0.00049,0.01893,0.0041,0.00021,9e-05,1.97322,4.70099,6.5636,0.0252,0,0,0.000384132,0.000384132,0.000384132
72,1940.95,2.03498,4.74493,6.34203,0.02333,0.83233,0.40591,0.02649,0.00799,0.00144,0.00048,0.01885,0.00428,0.00023,0.0001,1.97139,4.6595,6.54461,0.02521,0,0,0.00037942,0.00037942,0.00037942
73,1967.71,2.03859,4.76294,6.32696,0.02353,0.84285,0.40292,0.02514,0.00788,0.0018,0.00063,0.01977,0.00471,0.00026,0.0001,1.98034,4.72453,6.55128,0.02533,0,0,0.000374707,0.000374707,0.000374707
74,1993.73,2.02285,4.75336,6.34003,0.02338,0.8506,0.40113,0.024,0.00778,0.00161,0.00048,0.0171,0.00394,0.00021,9e-05,1.97675,4.71651,6.55055,0.02527,0,0,0.000369995,0.000369995,0.000369995
75,2020.07,2.03572,4.79344,6.33051,0.0237,0.85567,0.40221,0.02476,0.00739,0.00187,0.00064,0.02033,0.00448,0.00023,9e-05,1.97549,4.7009,6.54802,0.02523,0,0,0.000365282,0.000365282,0.000365282
76,2045.92,2.02702,4.75194,6.34021,0.02351,0.84452,0.40295,0.02417,0.00728,0.00166,0.00049,0.02,0.00458,0.00025,0.0001,1.97008,4.68418,6.55309,0.02517,0,0,0.00036057,0.00036057,0.00036057
77,2071.61,2.0291,4.76385,6.34882,0.02326,0.83479,0.4025,0.02708,0.00831,0.0015,0.00047,0.01976,0.00444,0.00023,9e-05,1.97025,4.6866,6.55484,0.02519,0,0,0.000355858,0.000355858,0.000355858
78,2097.39,2.03851,4.76585,6.34174,0.02361,0.84884,0.4039,0.02807,0.00847,0.00155,0.00048,0.02125,0.00475,0.00023,0.0001,1.97829,4.71685,6.58409,0.02531,0,0,0.000351145,0.000351145,0.000351145
79,2124.24,2.03878,4.76105,6.34257,0.02362,0.85313,0.40282,0.02588,0.00808,0.00186,0.00065,0.01989,0.00442,0.00027,0.00011,1.97148,4.69091,6.55127,0.02515,0,0,0.000346433,0.000346433,0.000346433
80,2151,2.04546,4.81415,6.34127,0.02394,0.86109,0.40354,0.02497,0.00802,0.00145,0.00047,0.02038,0.00503,0.00025,0.0001,1.98024,4.72309,6.57096,0.02528,0,0,0.00034172,0.00034172,0.00034172
81,2177.94,2.03719,4.74692,6.32832,0.02342,0.84093,0.40141,0.02738,0.00865,0.00147,0.00048,0.01821,0.00408,0.00021,0.0001,1.97308,4.67058,6.55477,0.0253,0,0,0.000337008,0.000337008,0.000337008
82,2204.73,2.03083,4.78254,6.33128,0.02362,0.85211,0.40362,0.02783,0.00865,0.00154,0.00049,0.02092,0.0048,0.00023,0.0001,1.97848,4.72406,6.55456,0.02531,0,0,0.000332296,0.000332296,0.000332296
83,2231.09,2.02634,4.7884,6.33491,0.02333,0.84461,0.40075,0.02471,0.00762,0.0016,0.00049,0.02037,0.00482,0.00024,0.0001,1.97596,4.70867,6.56605,0.0253,0,0,0.000327583,0.000327583,0.000327583
84,2255.89,2.03079,4.74183,6.33843,0.02326,0.84473,0.40158,0.02694,0.00825,0.00152,0.00049,0.01894,0.00404,0.00022,9e-05,1.97385,4.68066,6.57014,0.02524,0,0,0.000322871,0.000322871,0.000322871
85,2282.38,2.03119,4.76511,6.3451,0.02332,0.83314,0.40402,0.02684,0.00853,0.00147,0.00049,0.01922,0.00436,0.00024,0.0001,1.96812,4.66769,6.54458,0.02525,0,0,0.000318158,0.000318158,0.000318158
86,2308.73,2.03422,4.78037,6.32835,0.02334,0.84226,0.40607,0.02511,0.00843,0.00201,0.00066,0.01929,0.00491,0.00025,0.0001,1.97352,4.71171,6.54494,0.02518,0,0,0.000313446,0.000313446,0.000313446
87,2334.69,2.03495,4.77811,6.33368,0.02335,0.84654,0.40184,0.02699,0.0092,0.00146,0.00047,0.0197,0.00503,0.00023,9e-05,1.97371,4.70096,6.54456,0.02517,0,0,0.000308734,0.000308734,0.000308734
88,2360.1,2.03308,4.76407,6.34498,0.02319,0.83326,0.40224,0.02697,0.00803,0.00146,0.00046,0.02037,0.00476,0.00024,9e-05,1.97519,4.68837,6.54285,0.0253,0,0,0.000304021,0.000304021,0.000304021
89,2385.64,2.04296,4.76754,6.34145,0.02377,0.85056,0.40284,0.02552,0.0078,0.00162,0.00049,0.02076,0.0048,0.00026,0.0001,1.97651,4.70015,6.58573,0.02528,0,0,0.000299309,0.000299309,0.000299309
90,2411.31,2.04177,4.7908,6.32349,0.02372,0.84764,0.40251,0.02592,0.00818,0.00166,0.00053,0.0198,0.0048,0.00027,0.0001,1.97163,4.68433,6.55973,0.0252,0,0,0.000294596,0.000294596,0.000294596
91,2436.58,2.03985,4.7789,6.32746,0.02368,0.84827,0.39983,0.02579,0.00792,0.00145,0.00047,0.02049,0.00486,0.00024,0.0001,1.9732,4.70968,6.53998,0.02523,0,0,0.000289884,0.000289884,0.000289884
92,2462.69,2.02536,4.75703,6.33515,0.0236,0.84976,0.39641,0.02647,0.00842,0.00205,0.00066,0.0195,0.0046,0.00025,0.0001,1.97601,4.70932,6.55129,0.02531,0,0,0.000285172,0.000285172,0.000285172
93,2488.6,2.04945,4.76637,6.33497,0.02376,0.84495,0.39989,0.02673,0.00814,0.00163,0.00049,0.02071,0.00448,0.00023,0.00011,1.9744,4.6945,6.56115,0.02527,0,0,0.000280459,0.000280459,0.000280459
94,2514.66,2.02949,4.76743,6.32966,0.0236,0.85286,0.4009,0.02515,0.00794,0.00193,0.00065,0.01837,0.004,0.00021,9e-05,1.97332,4.69918,6.5533,0.02522,0,0,0.000275747,0.000275747,0.000275747
95,2541.02,2.0418,4.76465,6.33057,0.02349,0.84038,0.40028,0.0249,0.00766,0.00156,0.00049,0.01981,0.00456,0.00025,9e-05,1.97477,4.70518,6.5563,0.02525,0,0,0.000271034,0.000271034,0.000271034
96,2567.76,2.02539,4.74548,6.35066,0.02326,0.83508,0.39664,0.02646,0.00798,0.00152,0.00049,0.02044,0.00478,0.00026,0.0001,1.97635,4.67046,6.55497,0.02529,0,0,0.000266322,0.000266322,0.000266322
97,2593.84,2.04511,4.75952,6.3294,0.02344,0.84419,0.39906,0.02536,0.00811,0.00146,0.00047,0.02002,0.00525,0.00025,0.0001,1.97049,4.67735,6.54636,0.02525,0,0,0.00026161,0.00026161,0.00026161
98,2620.25,2.0395,4.76058,6.33688,0.0236,0.84318,0.39782,0.02623,0.00762,0.00152,0.00049,0.02056,0.0044,0.00024,0.0001,1.97039,4.67822,6.54743,0.0252,0,0,0.000256897,0.000256897,0.000256897
99,2646.75,2.03389,4.77258,6.33713,0.02329,0.83637,0.40147,0.02717,0.00905,0.00156,0.00049,0.02027,0.00518,0.00023,0.0001,1.97258,4.67219,6.5307,0.02525,0,0,0.000252185,0.000252185,0.000252185
100,2672.83,2.03681,4.78657,6.34196,0.0236,0.85026,0.39917,0.02551,0.00804,0.0015,0.00048,0.01953,0.00466,0.00055,0.00013,1.97569,4.71023,6.55207,0.02531,0,0,0.000247472,0.000247472,0.000247472
101,2699.35,2.04629,4.78524,6.33779,0.02351,0.84055,0.39858,0.02707,0.00831,0.00158,0.0005,0.02003,0.0047,0.00024,0.0001,1.97529,4.6885,6.54733,0.02527,0,0,0.00024276,0.00024276,0.00024276
102,2723.78,2.03795,4.77029,6.3299,0.02367,0.84801,0.39458,0.02721,0.00838,0.00151,0.00048,0.02051,0.00476,0.00025,0.0001,1.97447,4.69052,6.54961,0.02522,0,0,0.000238048,0.000238048,0.000238048
103,2749.01,2.03972,4.8009,6.32458,0.02373,0.84457,0.39462,0.02499,0.00788,0.00198,0.00066,0.01954,0.00442,0.00023,0.0001,1.97789,4.70501,6.54387,0.02532,0,0,0.000233335,0.000233335,0.000233335
104,2774.21,2.03791,4.781,6.35086,0.02382,0.85033,0.39884,0.0253,0.00852,0.00199,0.00065,0.01941,0.00476,0.00026,0.0001,1.97671,4.72201,6.55565,0.02525,0,0,0.000228623,0.000228623,0.000228623
105,2799.7,2.03549,4.79192,6.35342,0.02365,0.85467,0.40071,0.02661,0.00838,0.00174,0.00062,0.0219,0.00562,0.00024,0.0001,1.97653,4.71008,6.56066,0.02521,0,0,0.00022391,0.00022391,0.00022391
106,2825.1,2.02922,4.77401,6.33016,0.02336,0.84483,0.3973,0.02796,0.00911,0.00149,0.00049,0.02077,0.00552,0.00025,0.0001,1.97782,4.68553,6.53413,0.02535,0,0,0.000219198,0.000219198,0.000219198
107,2850.28,2.03806,4.77059,6.32898,0.02352,0.84822,0.39569,0.02654,0.00827,0.00166,0.00047,0.01896,0.0041,0.00021,9e-05,1.97852,4.7079,6.56374,0.02531,0,0,0.000214486,0.000214486,0.000214486
108,2875.59,2.0306,4.77089,6.3373,0.02336,0.84426,0.39427,0.0246,0.00825,0.00158,0.00049,0.01868,0.0047,0.00023,9e-05,1.9747,4.68486,6.54268,0.02526,0,0,0.000209773,0.000209773,0.000209773
109,2901.13,2.03988,4.76482,6.33501,0.02376,0.84765,0.39625,0.02457,0.00788,0.00189,0.00064,0.02047,0.00501,0.00024,9e-05,1.98118,4.73571,6.54865,0.02528,0,0,0.000205061,0.000205061,0.000205061
110,2926.01,2.04117,4.77602,6.34092,0.0233,0.83928,0.39788,0.02557,0.00819,0.00147,0.00048,0.01991,0.00525,0.00025,0.0001,1.97506,4.68367,6.54055,0.02531,0,0,0.000200348,0.000200348,0.000200348
111,2951.12,2.02562,4.76219,6.32171,0.02347,0.84395,0.39563,0.02487,0.00758,0.0018,0.00063,0.01992,0.00472,0.00025,0.0001,1.97524,4.70889,6.54654,0.02524,0,0,0.000195636,0.000195636,0.000195636
112,2976.5,2.02614,4.75295,6.34442,0.0232,0.83565,0.39838,0.02668,0.00859,0.00168,0.00051,0.02041,0.00493,0.00027,0.0001,1.97078,4.686,6.53439,0.02523,0,0,0.000190924,0.000190924,0.000190924
113,3002.18,2.03524,4.75743,6.3271,0.02356,0.85255,0.3978,0.0263,0.00873,0.00154,0.00046,0.02063,0.00507,0.00024,0.0001,1.97803,4.72544,6.54825,0.02527,0,0,0.000186211,0.000186211,0.000186211
114,3027.58,2.04253,4.79257,6.34068,0.02362,0.85122,0.39804,0.02591,0.00834,0.00159,0.0005,0.02001,0.00482,0.00024,0.0001,1.97485,4.7074,6.549,0.0252,0,0,0.000181499,0.000181499,0.000181499
115,3052.6,2.0352,4.7741,6.34316,0.02354,0.85186,0.39716,0.02808,0.00869,0.00163,0.00048,0.02107,0.00509,0.00024,9e-05,1.97059,4.69616,6.56803,0.02514,0,0,0.000176786,0.000176786,0.000176786
116,3077.79,2.03481,4.76816,6.34757,0.02344,0.84313,0.39479,0.02591,0.00797,0.00158,0.00048,0.01878,0.0041,0.00022,9e-05,1.97413,4.69223,6.55899,0.02528,0,0,0.000172074,0.000172074,0.000172074
117,3103.04,2.03829,4.78251,6.33122,0.02335,0.83998,0.39858,0.02704,0.00819,0.00148,0.00048,0.02129,0.00509,0.00025,0.0001,1.97326,4.67351,6.54604,0.02533,0,0,0.000167362,0.000167362,0.000167362
118,3128.25,2.03539,4.76218,6.35323,0.02346,0.84355,0.3941,0.0267,0.00831,0.00148,0.00048,0.01854,0.0043,0.00022,9e-05,1.96964,4.66802,6.54708,0.02515,0,0,0.000162649,0.000162649,0.000162649
119,3153.7,2.03055,4.75473,6.34011,0.02334,0.84106,0.39556,0.02663,0.00847,0.00146,0.00048,0.0201,0.00492,0.00023,9e-05,1.97385,4.6688,6.55133,0.02524,0,0,0.000157937,0.000157937,0.000157937
120,3178.88,2.04104,4.74887,6.33695,0.02354,0.84568,0.39556,0.02527,0.00764,0.00155,0.00047,0.02009,0.00452,0.00023,0.0001,1.97594,4.71937,6.54917,0.02526,0,0,0.000153224,0.000153224,0.000153224
121,3204.44,2.0352,4.77047,6.33197,0.0235,0.84238,0.39536,0.02682,0.00814,0.00147,0.00049,0.01954,0.00416,0.00022,0.0001,1.9761,4.70707,6.55422,0.0253,0,0,0.000148512,0.000148512,0.000148512
122,3229.99,2.0352,4.76044,6.34076,0.02355,0.84991,0.39492,0.02456,0.00739,0.00163,0.00048,0.02094,0.00471,0.00026,0.0001,1.97514,4.7009,6.56063,0.02525,0,0,0.0001438,0.0001438,0.0001438
123,3255.66,2.04114,4.76179,6.32973,0.02362,0.83788,0.39493,0.02653,0.00821,0.0015,0.00047,0.01962,0.00432,0.00022,9e-05,1.97373,4.6965,6.55343,0.02523,0,0,0.000139087,0.000139087,0.000139087
124,3281.05,2.04134,4.79762,6.32703,0.02388,0.84941,0.39472,0.02685,0.00841,0.00178,0.00062,0.02341,0.00617,0.00028,0.0001,1.98086,4.74476,6.54332,0.02524,0,0,0.000134375,0.000134375,0.000134375
125,3306.44,2.03223,4.77161,6.33384,0.02346,0.84243,0.39758,0.02589,0.00787,0.00199,0.00065,0.01987,0.00442,0.00023,9e-05,1.97662,4.69724,6.56001,0.02526,0,0,0.000129662,0.000129662,0.000129662
126,3331.95,2.0409,4.77293,6.33459,0.02373,0.8477,0.39774,0.02514,0.00734,0.00158,0.00048,0.02092,0.00481,0.00026,0.0001,1.97622,4.70735,6.56573,0.02526,0,0,0.00012495,0.00012495,0.00012495
127,3357.44,2.04312,4.75749,6.33607,0.02367,0.84417,0.39637,0.02665,0.00827,0.0019,0.00065,0.02055,0.00482,0.00025,0.0001,1.97408,4.70815,6.55698,0.02523,0,0,0.000120238,0.000120238,0.000120238
128,3383.03,2.03974,4.75962,6.33928,0.02348,0.84013,0.39559,0.02489,0.00821,0.00165,0.0005,0.0189,0.00442,0.00023,9e-05,1.97813,4.7051,6.54609,0.02532,0,0,0.000115525,0.000115525,0.000115525
129,3408.23,2.02427,4.75243,6.34042,0.02352,0.84439,0.39591,0.026,0.00799,0.00199,0.00065,0.02015,0.00454,0.00023,0.0001,1.97598,4.72624,6.54786,0.02523,0,0,0.000110813,0.000110813,0.000110813
130,3433.83,2.03188,4.77877,6.33796,0.02354,0.84842,0.39543,0.02614,0.00848,0.00188,0.00063,0.01931,0.00466,0.00024,0.0001,1.97562,4.71939,6.55399,0.02531,0,0,0.0001061,0.0001061,0.0001061
131,3459.83,2.02803,4.79197,6.32447,0.02348,0.84805,0.3951,0.02482,0.00782,0.00163,0.0005,0.01966,0.0047,0.00026,0.0001,1.9771,4.71174,6.57096,0.02528,0,0,0.000101388,0.000101388,0.000101388
132,3485.4,2.03383,4.81018,6.32482,0.02379,0.85442,0.39308,0.02495,0.00782,0.00177,0.00063,0.01949,0.00436,0.00024,0.0001,1.97776,4.72395,6.55114,0.02532,0,0,9.66756e-05,9.66756e-05,9.66756e-05
133,3510.39,2.0317,4.7575,6.33236,0.02364,0.84574,0.39424,0.02557,0.00817,0.00183,0.00065,0.01934,0.00438,0.00023,0.0001,1.97827,4.72215,6.55516,0.02527,0,0,9.19632e-05,9.19632e-05,9.19632e-05
134,3536,2.02911,4.76606,6.33228,0.02341,0.84644,0.396,0.02407,0.00745,0.0015,0.00047,0.01827,0.00406,0.00023,9e-05,1.97538,4.69982,6.54336,0.02523,0,0,8.72508e-05,8.72508e-05,8.72508e-05
135,3561.73,2.04216,4.74592,6.34564,0.02367,0.84361,0.39575,0.02482,0.00784,0.00151,0.00047,0.01932,0.00438,0.00023,0.0001,1.97574,4.68866,6.53636,0.02529,0,0,8.25384e-05,8.25384e-05,8.25384e-05
136,3587.38,2.03331,4.77856,6.33147,0.02377,0.85034,0.39419,0.02536,0.00828,0.00164,0.00049,0.01983,0.00482,0.00025,0.0001,1.97821,4.70205,6.54918,0.02528,0,0,7.7826e-05,7.7826e-05,7.7826e-05
137,3612.99,2.0266,4.74305,6.32615,0.02326,0.83558,0.39262,0.02657,0.00831,0.00157,0.0005,0.01906,0.00436,0.00023,0.0001,1.97188,4.67856,6.54945,0.02525,0,0,7.31136e-05,7.31136e-05,7.31136e-05
138,3638.11,2.04241,4.75911,6.3267,0.02312,0.82579,0.39558,0.02714,0.00874,0.00165,0.0005,0.01953,0.00488,0.00026,0.0001,1.97308,4.68169,6.54472,0.02526,0,0,6.84012e-05,6.84012e-05,6.84012e-05
139,3663.47,2.04294,4.79384,6.33204,0.02381,0.84707,0.39416,0.02826,0.00903,0.00165,0.00049,0.02119,0.00481,0.00023,0.0001,1.97377,4.70757,6.55305,0.02521,0,0,6.36888e-05,6.36888e-05,6.36888e-05
140,3688.96,2.03454,4.78288,6.33042,0.0236,0.85231,0.39757,0.02606,0.00848,0.00196,0.00064,0.01976,0.00476,0.00024,9e-05,1.97648,4.71716,6.55498,0.02529,0,0,5.89764e-05,5.89764e-05,5.89764e-05
141,3715.39,2.03948,4.75884,6.33832,0.02353,0.84295,0.39431,0.0269,0.00827,0.00164,0.0005,0.01906,0.0041,0.00022,0.0001,1.97489,4.71382,6.56768,0.02529,0,0,5.4264e-05,5.4264e-05,5.4264e-05
142,3740.69,2.04161,4.77232,6.32167,0.02344,0.83039,0.39352,0.02492,0.00766,0.00156,0.00048,0.01947,0.00444,0.00025,0.0001,1.97029,4.69335,6.55156,0.02516,0,0,4.95516e-05,4.95516e-05,4.95516e-05
143,3766.4,2.02406,4.76145,6.31793,0.02367,0.84766,0.39291,0.02531,0.00828,0.0019,0.00064,0.01977,0.00482,0.00024,0.0001,1.97644,4.70525,6.54872,0.02525,0,0,4.48392e-05,4.48392e-05,4.48392e-05
144,3792.08,2.04011,4.77815,6.32913,0.02349,0.85296,0.39457,0.02648,0.0082,0.00203,0.00066,0.02094,0.00488,0.00024,0.0001,1.97472,4.70602,6.55612,0.02524,0,0,4.01268e-05,4.01268e-05,4.01268e-05
145,3817.71,2.04452,4.78018,6.32839,0.02375,0.85248,0.39404,0.02629,0.0082,0.00148,0.00046,0.01903,0.00416,0.00021,9e-05,1.9764,4.72049,6.55879,0.02528,0,0,3.54144e-05,3.54144e-05,3.54144e-05
146,3842.37,2.03223,4.75815,6.33704,0.02349,0.84084,0.39144,0.02693,0.00851,0.00148,0.00048,0.0192,0.00458,0.00024,0.0001,1.97364,4.67023,6.55049,0.02526,0,0,3.0702e-05,3.0702e-05,3.0702e-05
147,3868.34,2.02536,4.76352,6.34032,0.02334,0.8456,0.39535,0.02592,0.00838,0.00194,0.00065,0.02094,0.00516,0.00025,0.0001,1.97281,4.69922,6.54503,0.02514,0,0,2.59896e-05,2.59896e-05,2.59896e-05
148,3893.92,2.03079,4.78768,6.31571,0.02358,0.84719,0.39458,0.02464,0.00778,0.00182,0.00063,0.01904,0.00438,0.00023,9e-05,1.97517,4.70988,6.54743,0.02518,0,0,2.12772e-05,2.12772e-05,2.12772e-05
149,3919.53,2.03886,4.74527,6.3311,0.0234,0.83661,0.39148,0.02585,0.00817,0.0016,0.00049,0.01981,0.005,0.00027,0.0001,1.97175,4.68499,6.54312,0.02522,0,0,1.65648e-05,1.65648e-05,1.65648e-05
150,3944.74,2.03749,4.78852,6.3366,0.02362,0.84656,0.39354,0.02646,0.00827,0.00196,0.00066,0.02018,0.00448,0.00023,0.0001,1.97254,4.70158,6.5577,0.02523,0,0,1.18524e-05,1.18524e-05,1.18524e-05
